{"tiddlers":{"$:/plugins/kookma/refnotes/history":{"title":"$:/plugins/kookma/refnotes/history","created":"20201211095732935","modified":"20210918162309893","tags":"","type":"text/vnd.tiddlywiki","text":"Full change log  https://kookma.github.io/TW-Refnotes/#ChangeLog\n\n* ''1.7.2'' -- 2021.09.19 -- stable release based on TW 5.2.0\n* ''1.6.0'' -- 2021.04.02 -- development (beta) of new release\n* ''1.0.3'' -- 2019.03.20 -- first stable release\n"},"$:/plugins/kookma/refnotes/license":{"title":"$:/plugins/kookma/refnotes/license","created":"20201211095732937","modified":"20210917161905837","tags":"","type":"text/vnd.tiddlywiki","text":"Distributed under an MIT license.\n\nCopyright (c) 2019-2021 [[Mohammad Rahmani|https://github.com/kookma]]\n\n<<<\nPermission is hereby granted, free of charge, to any person obtaining a copy of this software and associated documentation files (the \"Software\"), to deal in the Software without restriction, including without limitation the rights to use, copy, modify, merge, publish, distribute, sublicense, and/or sell copies of the Software, and to permit persons to whom the Software is furnished to do so, subject to the following conditions:\n\nThe above copyright notice and this permission notice shall be included in all copies or substantial portions of the Software.\n\nTHE SOFTWARE IS PROVIDED \"AS IS\", WITHOUT WARRANTY OF ANY KIND, EXPRESS OR IMPLIED, INCLUDING BUT NOT LIMITED TO THE WARRANTIES OF MERCHANTABILITY, FITNESS FOR A PARTICULAR PURPOSE AND NONINFRINGEMENT. IN NO EVENT SHALL THE AUTHORS OR COPYRIGHT HOLDERS BE LIABLE FOR ANY CLAIM, DAMAGES OR OTHER LIABILITY, WHETHER IN AN ACTION OF CONTRACT, TORT OR OTHERWISE, ARISING FROM, OUT OF OR IN CONNECTION WITH THE SOFTWARE OR THE USE OR OTHER DEALINGS IN THE SOFTWARE.\n<<<"},"$:/plugins/kookma/refnotes/macros/abbr":{"title":"$:/plugins/kookma/refnotes/macros/abbr","created":"20181022071907838","modified":"20210917161905845","tags":"$:/tags/Macro","type":"text/vnd.tiddlywiki","text":"\\define abbr(term:\"\", dict:\"Glossary\")\n<$set name=\"abbreviation\" \n tiddler=<<__dict__>>\n index=<<__term__>>\n emptyValue=\"Term not found\">\n <span class=refnotes-abbr><abbr title=<<abbreviation>> ><$text text=<<__term__>> /></abbr></span>\n</$set>\n\\end\n"},"$:/plugins/kookma/refnotes/macros/apa/authors":{"title":"$:/plugins/kookma/refnotes/macros/apa/authors","created":"20210918154536732","modified":"20210918182843051","tags":"","type":"text/vnd.tiddlywiki","text":"\\define show-authors-in-citation()\n<!-- used in ref macro APA7 -->\n<$vars number-authors={{{[<__tid__>get[bibtex-author]split[ and ]count[]]}}}>\n<$list filter=\"[<number-authors>compare:number:gt[2]]\" emptyMessage=\"\"\"<$view tiddler=<<__tid__>> field=\"bibtex-author\"/>\"\"\">\n<$text text={{{[<__tid__>get[bibtex-author]split[ and ]first[]addsuffix[, et al.]]}}} />\n</$list>\n</$vars>\n\\end\n\n\\define show-authors-in-references()\n<!-- display authors as comma separated list, removes \"and\" -->\n<!-- used in template -->\n\\whitespace trim\n<$vars authorlist={{!!bibtex-author}} replace1=\" and \" replace2=\",([^,]*)$\" >\n<$vars authors={{{ [<authorlist>search-replace:g:regexp<replace1>,[, ]search-replace:g:regexp<replace2>,[, and $1]]}}} >\n<<authors>>\n</$vars>\n</$vars>\n\\end\n\n\n<!--\n- These macros help to format the author list in citation and references in closer format to APA7\n- The author list in referenc list is not exactly wahat APA7 standard says! to be fixed\n-->\n"},"$:/plugins/kookma/refnotes/macros/apa/ref":{"title":"$:/plugins/kookma/refnotes/macros/apa/ref","created":"20210407044450831","modified":"20210918174611274","tags":"$:/tags/Macro","type":"text/vnd.tiddlywiki","text":"\\define ref(tid)\n\\import $:/plugins/kookma/refnotes/macros/apa/authors\n\\whitespace trim\n<$set name=\"ref-tid\" tiddler=<<__tid__>> field=\"title\" emptyValue=\"RefNotFound\">\n<div class=\"refnotes-tooltip refcls\">\n<$reveal type=\"match\" default=<<ref-tid>> text=\"RefNotFound\">\n<$link overrideClass=\"link-refcls\">[<$view tiddler=<<__tid__>> field=\"title\"/>]</$link>\n<div class=\"refnotes-tooltiptext ref-notfound\"><b>Warning</b>: Reference Not Found.<br>Click to create it:<<create-notexisted-ref \"$tid$\">></div>\n</$reveal>\n<$reveal type=\"nomatch\" default=<<ref-tid>> text=\"RefNotFound\">\n<<show-authors-in-citation>> (<$view tiddler=<<__tid__>> field=\"bibtex-year\"/>)\n<div class=\"refnotes-tooltiptext\">\n<$macrocall $name=\"displayref-onhover\" refTid=<<ref-tid>> />\n</div>\n</$reveal>\n</div>\n</$set>\n\\end"},"$:/plugins/kookma/refnotes/macros/apa/showrefs":{"title":"$:/plugins/kookma/refnotes/macros/apa/showrefs","created":"20190117195536649","modified":"20210918174611753","tags":"$:/tags/Macro","type":"text/vnd.tiddlywiki","text":"\\define showrefs(filter:\"[<currentTiddler>]\", title:\"Empty\", class:\"ref-list\", emptyMessage:\"\")\n\\import $:/plugins/kookma/refnotes/macros/apa/authors\n<$vars leftDelimiter=\"<<ref \">\n<$list filter=\"[subfilter<__filter__>search:text:literal<leftDelimiter>limit[1]]\" variable=null emptyMessage=<<__emptyMessage__>> ><!-- check to see if there is any citation -->\n<$reveal tag=\"div\" type=\"nomatch\" default=\"Empty\" text=<<__title__>> >\n<h2>$title$</h2>\n</$reveal>\n<$wikify name=\"mylist\" text=\"\"\"\n<$list filter=<<__filter__>> >\n<$macrocall $name=\"find-refs\" tid=<<currentTiddler>> />\n</$list>\n\"\"\">\n<ol class=\"$class$\">\n<$list filter=\"[enlist<mylist>trim[]sort[]]\" variable=\"reference\">\n\n<$vars currentType={{{[<reference>get[bibtex-entry-type]lowercase[]] ~[[miscellaneous]]}}} >\n<$set name=\"bodyLookup\" \n      filter=\"[all[tiddlers+shadows]tag[$:/tags/Refnotes/ReflistTemplate]contains:list<currentType>] +[limit[1]get[title]]\"\n            value=<<bodyLookup>> \n      emptyValue=\"$:/plugins/kookma/refnotes/templates/reflist/default\">\n<$transclude tiddler=<<bodyLookup>> field=\"text\" mode=\"inline\"/>\n</$set>\n</$vars>\n\n</$list>\n</ol>\n</$wikify>\n</$list>\n</$vars>\n\\end"},"$:/plugins/kookma/refnotes/macros/bibtex/find-refs":{"title":"$:/plugins/kookma/refnotes/macros/bibtex/find-refs","created":"20181213121411187","modified":"20210917161905873","tags":"$:/tags/Macro","type":"text/vnd.tiddlywiki","text":"\\define find-refs(tid)\n<$vars regexp=\"(?g)<<ref .+?>>\"\nregexp2='<<ref \"*(.*?)\"*>>'\nregexp3=\"^'(.*?)'\"\nregexp4=\"\\[\\[(.*?)\\]\\]\"\n>\n<$list filter=\"[[$tid$]regexprefs:text<regexp>]\">\n<$list filter=\"[all[current]regexprefs<regexp2>]\">\n<$list filter=\"[all[current]regexprefs<regexp3>] ~[all[current]]\" >\n<$list filter=\"[all[current]regexprefs<regexp4>] ~[all[current]]\" variable=p>\n<<pwrapper>>\n</$list>\n</$list>\n</$list>\n</$list>\n</$vars>\n\\end\n\n\\define pwrapper() \n[[[[$(p)$]]]]\n\\end"},"$:/plugins/kookma/refnotes/macros/bibtex/process-entries":{"title":"$:/plugins/kookma/refnotes/macros/bibtex/process-entries","created":"20210405065852415","modified":"20210917161905883","tags":"$:/tags/Macro","type":"text/vnd.tiddlywiki","text":"\\define title-tolowercase()\n<$vars curTitle=<<currentTiddler>> newTitle={{{[<currentTiddler>lowercase[]]}}}>\n<$list filter=\"[<curTitle>!match<newTitle>]\" variable=null>\n<$action-sendmessage $message=\"tm-rename-tiddler\" from=<<currentTiddler>> to=<<newTitle>> />\n</$list>\n</$vars>\n\\end\n\n\\define tag-entries()\n<!-- change entry type to lower case -->\n<$action-setfield $tiddler=<<currentTiddler>> bibtex-entry-type={{{[<currentTiddler>get[bibtex-entry-type]lowercase[]]}}} />\n<!-- add bibtex-entry -->\n<$fieldmangler>\n<$action-sendmessage $message=\"tm-add-tag\" $param=\"bibtex-entry\" />\n</$fieldmangler>\n\\end\n\n\\define process-entries(title:\"Process New Bibtex Entries\")\n<$button> $title$\n<$list filter=\"[has[bibtex-title]]\">\n<<tag-entries>>\n<<title-tolowercase>>\n</$list>\n</$button>\n\\end"},"$:/plugins/kookma/refnotes/macros/bibtex/regexprefs.js":{"title":"$:/plugins/kookma/refnotes/macros/bibtex/regexprefs.js","text":"/*\\\ntitle: $:/plugins/kookma/macro/bibtex/regexprefs.js\ntype: application/javascript\nmodule-type: filteroperator\n\nFilter operator for regexp matching and returning result. All results are returned if global flag used. All sub-groups are returned if not global and sub-group hits are found.\n\nThis is a hacked version of core macro: $:/core/modules/filters/regexp.js\n\n\\*/\n(function(){\n\n/*jslint node: true, browser: true */\n/*global $tw: false */\n\"use strict\";\n\n/*\nExport our filter function\n*/\nexports.regexprefs = function(source,operator,options) {\n\tvar results = [],\n\t\tfieldname = (operator.suffix || \"title\").toLowerCase(),\n\t\tregexpString, regexp, flags = \"\", match, global,\n\t\tgetFieldString = function(tiddler,title) {\n\t\t\tif(tiddler) {\n\t\t\t\treturn tiddler.getFieldString(fieldname);\n\t\t\t} else if(fieldname === \"title\") {\n\t\t\t\treturn title;\n\t\t\t} else {\n\t\t\t\treturn null;\n\t\t\t}\n\t\t};\n\t// Process flags and construct regexp\n\tregexpString = operator.operand;\n\tmatch = /^\\(\\?([gim]+)\\)/.exec(regexpString);\n\tif(match) {\n\t\tflags = match[1];\n\t\tregexpString = regexpString.substr(match[0].length);\n\t} else {\n\t\tmatch = /\\(\\?([gim]+)\\)$/.exec(regexpString);\n\t\tif(match) {\n\t\t\tflags = match[1];\n\t\t\tregexpString = regexpString.substr(0,regexpString.length - match[0].length);\n\t\t}\n\t}\n\ttry {\n\t\tregexp = new RegExp(regexpString,flags);\n\t} catch(e) {\n\t\treturn [\"\" + e];\n\t}\n\n\tglobal = /g/.test(flags) ;\n\n\t// Process the incoming tiddlers\n\tif(operator.prefix === \"!\") {\n\t\tsource(function(tiddler,title) {\n\t\t\tvar text = getFieldString(tiddler,title);\n\t\t\tif(text !== null) {\n\t\t\t\tif(!regexp.exec(text)) {\n\t\t\t\t\tresults.push(title);\n\t\t\t\t}\n\t\t\t}\n\t\t});\n\t} else {\n\t\tsource(function(tiddler,title) {\n\t\t\tvar text = getFieldString(tiddler,title), ret=\"\";\n\t\t\tif(text !== null) {\n\t\t\t\tret = text.match(regexp) ;\n\t\t\t\tif(ret !==null) {\n\t\t\t\t\tif(global) {\n\t\t\t\t\t\tresults.push.apply(results,ret)  ; //DEBUG\n\t\t\t\t\t} else {\n\t\t\t\t\t\t// if there are  sub groups return sub groups START\n\t\t\t\t\t\tif(ret.length > 1)  {     // return sub groups\n\t\t\t\t\t\t\tresults = results.concat(ret.slice(1)) ;\n\t\t\t\t\t\t} else { // if no sub-groups\n\t\t\t\t\t\t\tresults.push(ret[0]);\n\t\t\t\t\t\t} \n\t\t\t\t\t}\n\t\t\t\t}\n\t\t\t}\n\t\t});\n\t}\n\treturn results;\n};\n\n})();","type":"application/javascript","module-type":"filteroperator","created":"20190120190755258","modified":"20210917161905893"},"$:/plugins/kookma/refnotes/macros/bibtex/utility":{"title":"$:/plugins/kookma/refnotes/macros/bibtex/utility","created":"20210407045329557","modified":"20210917161905902","tags":"$:/tags/Macro","type":"text/vnd.tiddlywiki","text":"\\define displayref-onhover(refTid)\n<$set name=\"ref-tid\" value=<<__refTid__>> >\n<$link overrideClass=\"link-refcls\" to=<<ref-tid>> >\n<$list filter=\"[<ref-tid>get[bibtex-entry-type]lowercase[]!match[website]]\" variable=null\nemptyMessage=\"\"\"<span class=\"ref-author\"><$view tiddler=<<ref-tid>> field=\"bibtex-url\"/>.</span>\"\"\">\n<span class=\"ref-author\"><$view tiddler=<<ref-tid>> field=\"bibtex-author\"/>.</span>\n</$list>\n</$link>\n<$view tiddler=<<ref-tid>> field=\"bibtex-title\"/>. (<$view tiddler=<<ref-tid>> field=\"bibtex-year\"/>)\n</$set>\n\\end\n\n\\define create-notexisted-ref(refTid)\n<$set name=\"myTid\" value=<<__refTid__>> >\n<$button class=\"tc-btn-invisible tc-tiddlylink\">\n<$action-sendmessage $message=\"tm-new-tiddler\"\n    title=<<myTid>> \n    bibtex-author=\"\" bibtex-year=\"\"\n    bibtex-title=\"\"  bibtex-abstract=\"\"\n    bibtex-entry-type=\"\" bibtex-keywords=\"\"\n    bibtex-doi=\"\" bibtex-url=\"\"\n    tags=\"bibtex-entry\"\n    /><<myTid>> \n</$button>\n</$set>    \n\\end"},"$:/plugins/kookma/refnotes/macros/find":{"title":"$:/plugins/kookma/refnotes/macros/find","created":"20181213121411187","modified":"20211105070807510","tags":"$:/tags/Macro","type":"text/vnd.tiddlywiki","text":"\\define find(text, begin, end, output:\"simple\", mode:\"all\")\n<$vars \n  fulltext=<<__text__>>\n  start=<<__begin__>>\n  stop=<<__end__>>\n  output-macro=<<__output__>>\n>\n<$list variable=p1 filter=\"[<fulltext>splitbefore<start>]\">\n<$list variable=p2 filter=\"[<fulltext>removeprefix<p1>]\">\n<$list variable=p3 filter=\"[<p2>splitbefore<stop>removesuffix<stop>]\">\n<$macrocall $name=<<output-macro>> p=<<p3>> />\n<$reveal type=\"match\" text=\"all\" default=<<__mode__>> >\n<$macrocall $name=\"find\"\n  text={{{[<p2>removeprefix<p3>removeprefix<stop>]}}}\n  begin=<<start>>\n  end=<<stop>>\n  output=<<output-macro>>\n/>\n</$reveal>\n</$list>\n</$list>\n</$list>\n</$vars>\n\\end\n\n\\define simple(p)\n<$text text=<<__p__>> />\n\\end\n\n\\define simple-list(p)\n<li><$text text=<<__p__>>/></li>\n\\end\n"},"$:/plugins/kookma/refnotes/macros/footnote":{"title":"$:/plugins/kookma/refnotes/macros/footnote","created":"20181214095749808","modified":"20210917161905912","tags":"$:/tags/Macro","type":"text/vnd.tiddlywiki","text":"\\define fnote(note)\n<div class=\"refnotes-tooltip refnotes-footnote\"><div class=\"refnotes-tooltiptext\">$note$</div></div>\n\\end"},"$:/plugins/kookma/refnotes/macros/numbered/refnum":{"title":"$:/plugins/kookma/refnotes/macros/numbered/refnum","created":"20181210155346225","modified":"20210917161905920","tags":"disp","type":"text/vnd.tiddlywiki","text":"\\define refnum(tid)\n<$set name=\"ref-tid\" tiddler=<<__tid__>> field=\"title\" emptyValue=\"RefNotFound\">\n<div class=\"refnotes-tooltip refcls\">\n<$reveal type=\"match\" default=<<ref-tid>> text=\"RefNotFound\">\n<$link overrideClass=\"link-refcls\">\n[<$view tiddler=<<__tid__>> field=\"title\"/>]\n</$link>\n<div class=\"refnotes-tooltiptext ref-notfound\"><b>Warning</b>: Reference Not Found.<br>Click to create it:<<create-notexisted-ref \"$tid$\">></div>\n</$reveal>\n<$reveal type=\"nomatch\" default=<<ref-tid>> text=\"RefNotFound\">\n[<$view tiddler=<<__tid__>> field=\"caption\"><$view tiddler=<<__tid__>> field=\"title\"/></$view>]\n<div class=\"refnotes-tooltiptext\">\n<$macrocall $name=\"displayref-onhover\" refTid=<<ref-tid>> />\n</div>\n</$reveal>\n</div>\n</$set>\n\\end\n"},"$:/plugins/kookma/refnotes/macros/search-ui":{"title":"$:/plugins/kookma/refnotes/macros/search-ui","created":"20141231095518178","modified":"20210917161905924","tags":"$:/tags/Macro","type":"text/vnd.tiddlywiki","text":"\\define searchTid() xx$:/temp/search\n\\define bibtexFields() [!is[shadow]!is[system]has[bibtex-title]fields[]prefix[bibtex-]sort[]]\n\\define mainFields() bibtex-title bibtex-author bibtex-year\n\\define searchUi()\n<div class=\"tc-search\">\n<$edit-text tiddler=<<searchTid>> type=\"search\" tag=\"input\" placeholder=\"search terms\" default=\"\"/> <$select field=\"field\" tiddler=<<searchTid>> default=\"bibtex-author\">\n<$set name=allfields filter= \"[subfilter<bibtexFields>split[ ]join[,]]\" >\n<option value=<<allfields>> >all fields</option>\n</$set>\n<optgroup label=\"Main fields\">\n<$list filter=\"[enlist<mainFields>removeprefix[bibtex-]]\" variable=\"field\">\n<option value={{{[<field>addprefix[bibtex-]]}}} ><<field>></option>\n</$list>\n</optgroup>\n<optgroup label=\"Other fields\">\n<$list filter=\"[subfilter<bibtexFields>] -[enlist<mainFields>] +[removeprefix[bibtex-]]\" variable=\"field\">\n<option value={{{[<field>addprefix[bibtex-]]}}} ><<field>></option>\n</$list>\n</optgroup>\n</$select>\n\n<$reveal state=<<searchTid>> type=\"nomatch\" text=\"\">\n<$button class=\"tc-btn-invisible\">\n<$action-setfield $tiddler=<<searchTid>> text=\"\"/>\n{{$:/core/images/close-button}}\n</$button>\n</$reveal>\n</div>\n\\end"},"$:/plugins/kookma/refnotes/macros/showabbrs":{"title":"$:/plugins/kookma/refnotes/macros/showabbrs","created":"20210404111656614","modified":"20211106193550015","tags":"$:/tags/Macro","type":"text/vnd.tiddlywiki","text":"\\define showabbrs(filter:\"[<currentTiddler>]\", dtiddler:\"Glossary\", title:\"Empty\", emptyMessage:\"\")\n<$wikify name=\"indexes\" text=<<find-all-items>> > \n<$macrocall $name=\"abbr-list\" indexes=<<indexes>> dtiddler=<<__dtiddler__>>  title=<<__title__>> emptyMessage=<<__emptyMessage__>> />\n</$wikify>\n\\end\n\n\\define patterndb() \\[\\[|\\]\\]\n\\define pattern()  ('.*?'|\".*?\"|\\S+)\n\\define output-item(p)\n<$list filter=\"\"\"[<__p__>search-replace:g:regexp<patterndb>,[\"]]\"\"\" variable=pars>\n<$list filter=\"\"\"[<pars>trim[]!prefix[dict:]search-replace[term:],[]splitregexp<pattern>trim[]!is[blank]!prefix[dict:]first[]]\"\"\">\n<$text text=<<currentTiddler>>/>\n</$list>\n<$list filter=\"\"\"[<pars>trim[]prefix[dict:]search-replace[term:],[]splitregexp<pattern>trim[]!is[blank]!prefix[dict:]last[]]\"\"\">\n<$text text=<<currentTiddler>>/>\n</$list>\n</$list>\n\\end\n\n\\define find-all-items()\n<$list filter=<<__filter__>> >\n<$macrocall $name=\"find\" text={{!!text}} begin=\"<<abbr \" end=\">>\" output=\"output-item\"/>\n</$list>\n\\end\n\n\n\\define abbr-list(dtiddler, indexes, title:\"Empty\", emptyMessage:\"\")\n<$list filter=\"[<indexes>limit[1]]\" variable=null emptyMessage=<<__emptyMessage__>> ><!-- check to see if there is any abbreviations -->\n<$reveal tag=\"div\" type=\"nomatch\" default=\"Empty\" text=<<__title__>> >\n<h2><$text text=<<__title__>> /></h2>\n</$reveal>\n<table class=\"refnotes-table-borderless\">\n<$list filter=\"\"\"[subfilter<__indexes__>]\"\"\" variable=\"item\">\n<tr>\n<td class=\"refnotes-abbr-term\"><$text text=<<item>> /></td>\n<td>\n <$set name=\"term\" tiddler=<<__dtiddler__>>  index=<<item>>  emptyValue=<<term-not-found>> >\n   <<term>>\n </$set>\n</td>\n</tr>\n</$list>\n</table>\n</$list>\n\\end\n\n\n\\define term-not-found()\n<span class=\"refnotes-abbr-term-not-found\">Term not found</span>\n\\end\n\n\n"},"$:/plugins/kookma/refnotes/macros/showfnotes":{"title":"$:/plugins/kookma/refnotes/macros/showfnotes","created":"20210404111935949","modified":"20210917161905937","tags":"$:/tags/Macro","type":"text/vnd.tiddlywiki","text":"\\define showfnotes(filter:\"[<currentTiddler>]\", title:\"Empty\" class:\"fnote-list\", emptyMessage:\"\")\n<$vars leftDelimiter=\"<<fnote \">\n<$list filter=\"[subfilter<__filter__>search:text:literal<leftDelimiter>limit[1]]\" variable=null emptyMessage=<<__emptyMessage__>> ><!-- check to see if there is any footnote -->\n<$reveal tag=\"div\" type=\"nomatch\" default=\"Empty\" text=<<__title__>> >\n<h2>$title$</h2>\n</$reveal>\n<ol class=\"$class$\">\n<$list filter=<<__filter__>> >\n<$macrocall $name=\"find\" \n   text={{!!text}}\n   begin=\"<<fnote \"\n   end=\">>\"\n   output=\"output-fnote\"\n/>\n</$list>\n</ol>\n</$list>\n</$vars>\n\\end\n\n\\define output-fnote(p)\n<$vars output=$p$>\n<li><<output>></li>\n</$vars>\n\\end\n\n"},"$:/plugins/kookma/refnotes/macros/stretch-text":{"title":"$:/plugins/kookma/refnotes/macros/stretch-text","created":"20210407132815001","modified":"20210917161905943","tags":"$:/tags/Macro","type":"text/vnd.tiddlywiki","text":"\\define tTemp() xx$:/temp/refnotes/library/$(currentTiddler)$\n\n\\define stretchText(text, title:\"...\")\n<$button class=\"tc-btn-invisible\">$title$\n<$action-listops $tiddler=<<tTemp>> $field=\"text\" $subfilter=\"+[toggle[show]]\" />\n</$button>&nbsp;<$reveal type=\"match\" stateTitle=<<tTemp>> sateField=text text=\"show\">$text$</$reveal>\n\\end\n"},"$:/plugins/kookma/refnotes/readme":{"title":"$:/plugins/kookma/refnotes/readme","created":"20201211095732939","modified":"20210917161905954","tags":"revised","type":"text/vnd.tiddlywiki","text":"; Refnotes\nRefnotes is a Tiddlywiki plugin to create and manage footnotes, abbreviations, citations, and references. Refnotes can create bibliography, but for the best performance, and to use import bibtex entries, the use of the official ''bibtex importer'' plugin is required.\n\n;Code and demo\nFor learning Refnotes features, syntax, tutorial and examples see the plugin demo and code pages\n\n* Demo: https://kookma.github.io/TW-Refnotes/\n* Code: https://github.com/kookma/TW-Refnotes\n"},"$:/plugins/kookma/refnotes/styles/abbr":{"title":"$:/plugins/kookma/refnotes/styles/abbr","text":"/* Ref: https://developer.mozilla.org/en-US/docs/Web/CSS/CSS3 */ \n.refnotes-abbr abbr[title] {\n\tcolor: inherit;\n\tfont-style: normal;\n\ttext-decoration: none;\n\tborder-bottom: 1px dotted #aaa;\n\tcursor: help;\n}\n\n.refnotes-abbr-term-not-found{\n/*\tcolor:red;*/\n\tfont-style: oblique;\n}\n\n.refnotes-abbr-term{\n/*\tcolor:blue;*/\n}\n\n\n/* Ref:https://aarontgrogg.com/lab/\nShow the title for small screen\n*/ \n/* this works based on the max-width*/\n@media only screen and (max-width: 960px) {\n.refnotes-abbr abbr:hover:after  { content: ' ('attr(title)')'; }\n}\n\n@media (hover: none) {\n/* Push the title attribute into generated content after the abbr. */\n.refnotes-abbr abbr[title]::after { \n content: ' ('attr(title)')'; }\n}\n","created":"20181022085407237","modified":"20210917161905961","tags":"$:/tags/Stylesheet","type":"text/css"},"$:/plugins/kookma/refnotes/styles/bibtex-details":{"title":"$:/plugins/kookma/refnotes/styles/bibtex-details","text":".refnotes-details > summary{\n\tpadding-left:0;\n\tpadding-top:15px;\n\tpadding-bottom:15px;\n\twidth: 160px;\n\tcursor: pointer;\n\tfont-weight:bold;\n}\n\n","created":"20210405105138630","modified":"20210917161905977","tags":"$:/tags/Stylesheet","type":"text/css"},"$:/plugins/kookma/refnotes/styles/bibtex-entryview":{"title":"$:/plugins/kookma/refnotes/styles/bibtex-entryview","text":"/* used for viewtemplate displaying the bibtex entry */\n.refnotes-bibtex-field{\n\tdisplay:table-row\n}\n.refnotes-bibtex-field span{\n\tdisplay:table-cell\n}\n.refnotes-bibtex-field span:first-of-type{\n\tfont-weight:bold;\n\tpadding-right:10px;\n\twhite-space: nowrap;\n}","created":"20210403171918460","modified":"20210917161905986","tags":"$:/tags/Stylesheet","type":"text/css"},"$:/plugins/kookma/refnotes/styles/bibtex":{"title":"$:/plugins/kookma/refnotes/styles/bibtex","created":"20181220161713706","modified":"20210917161905970","tags":"$:/tags/Stylesheet","type":"text/vnd.tiddlywiki","text":".ref-nonumber{\n/* color:blue;*/\n font-size:90%;\n list-style-type:none;\n}\n\n.ref-nonumber li{\n  padding-bottom:8px;\n}\n\n.ref-list{\n/* color:blue;*/\n font-size:90%;\n}\n\n.link-refcls{\n font-weight:400;\n/* color:#00008B;*/ /*darkblue*/\n text-decoration:none;\n color: <<colour tiddler-link-foreground>>; \t\n}\n\n.refcls{\n/* color:#00008B;*/\n color: <<colour tiddler-link-foreground>>; \n/* text-transform: capitalize;*/\n}\n\n.ref-notfound{\n/*  color: #856404 !important;*/\n/*  background-color: #fff3cd !important;*/\n}\n\n.ref-author{\n/*  color:#00008B;*/ /*color for author in tooltip*/\n}"},"$:/plugins/kookma/refnotes/styles/dropzone":{"title":"$:/plugins/kookma/refnotes/styles/dropzone","text":".bibtex-dropzone{\n\tmin-height:30px;\n\tmax-width:100%;\n\tmargin:4px auto;\n\tborder:2px dotted green;\n\ttext-align:center;\n}\n\n.bibtex-dropzone:focus {\n\tbackground: #fffedd;\n}","created":"20210813153817949","modified":"20210917161905993","tags":"$:/tags/Stylesheet","type":"text/css"},"$:/plugins/kookma/refnotes/styles/footnote-counter":{"title":"$:/plugins/kookma/refnotes/styles/footnote-counter","text":"/*automatic counter for fnote macro. The counter resets at the begining of each tiddler*/\n.tc-tiddler-frame {\n  counter-reset: fnote-count;\n}\n.refnotes-footnote {\n  counter-increment: fnote-count;\n}\n.refnotes-footnote:after {\n  content: counter(fnote-count);\n  font-size:small;\n /* color:#0000ee;*/\n  vertical-align: super;\n  line-height: 1.5;\n  margin-left: -0.1em;\n}\n","created":"20181214085707714","modified":"20210917161906001","tags":"$:/tags/Stylesheet","type":"text/css"},"$:/plugins/kookma/refnotes/styles/library":{"title":"$:/plugins/kookma/refnotes/styles/library","text":"/* in folding-editor*/\n.refnotes-library button svg{\n\tfont-size:0.8em;\n\tvertical-align: middle;\n\tmargin-right:0;\n\tmargin-left:0;\n\n}\n\n","created":"20210407142636629","modified":"20210917161906006","tags":"$:/tags/Stylesheet","type":"text/css"},"$:/plugins/kookma/refnotes/styles/showfnotes":{"title":"$:/plugins/kookma/refnotes/styles/showfnotes","text":"/* Footnote class*/\n\n.fnote-list{\n/* color:blue;*/\n font-size:90%;\n}\n\n.fnote-pretty{\n display: block;\n  margin: 0.5em;\n  margin-right: auto;\n  width: 100% !important;\n  border-collapse: collapse;\n  padding: 15px 15px 15px 25px; /*left padding=25px*/\n  border-width:  0px;\n  border-style: solid;\n  border-left-width: 1px;\n  background-color:  rgb(255,248,220);\n  color: rgb(91,49,7);\n  line-height: 1.2em; \n  font-size:0.9em;\n}\n","created":"20181219144814573","modified":"20210917161906014","tags":"$:/tags/Stylesheet","type":"text/css"},"$:/plugins/kookma/refnotes/styles/table-borderless":{"title":"$:/plugins/kookma/refnotes/styles/table-borderless","text":"/*Borderless table*/\n.refnotes-table-borderless, \n.refnotes-table-borderless th, \n.refnotes-table-borderless tr, \n.refnotes-table-borderless td{\n  border:0;\n}","created":"20190320094538299","modified":"20210917161906022","tags":"$:/tags/Stylesheet","type":"text/css"},"$:/plugins/kookma/refnotes/styles/tooltip":{"title":"$:/plugins/kookma/refnotes/styles/tooltip","text":"/* tooltip class used for ref, fnote and other macros */\n.refnotes-tooltip {\n\tposition: relative;\n\tdisplay: inline-block;\n\tcursor: pointer; \n}\n\n.refnotes-tooltip .refnotes-tooltiptext{\n\tfont-size: 0.90em; /* change if it is too small */\n}\n\n.refnotes-tooltip .refnotes-tooltiptext {\n\tvisibility: hidden;\n\tbackground-color: #fff;\n\tcolor: #222222; \n\ttext-align: left;\n\tborder-radius: 2px;\n\tpadding: 5px 10px;\n\tmax-width: 30vw;\n\tmax-height:20em;\n\toverflow-y: auto;\n\tcursor: auto;\n\twidth: max-content;\n\twidth: -moz-max-content;\n\twidth: -webkit-max-content;\n\twidth: -o-max-content;\n\n\t/* Position the tooltip */\n\tposition: absolute;\n\tz-index: 1;\n\tbottom: 100%;\n\tleft: 50%;\n\tmargin-left: -40px;\n\tbox-shadow:0 4px 10px 0 rgba(0,0,0,0.2),0 4px 20px 0 rgba(0,0,0,0.19);\n}\n\n.refnotes-tooltip:hover .refnotes-tooltiptext {\n\tvisibility: visible;\n\t/*opacity: 0.9;*/\n}\n\n/* for small screens */\n\n@media screen and (max-width: 960px) {\n.refnotes-tooltip .refnotes-tooltiptext {\n    /* Position the tooltip */\n  \tposition:fixed;\n    top:0;\n    left: 0;\n    margin-left: 0px;\n    bottom: unset;\n    width:100%;\n    max-width: 100vw;\n    z-index: 9999;\n}  \n\n.refnotes-tooltip:hover .refnotes-tooltiptext {\n   opacity: 1;\n}  \n  \n}","created":"20181215201115750","modified":"20210917161906027","tags":"$:/tags/Stylesheet","type":"text/css"},"$:/plugins/kookma/refnotes/templates/reflist/article":{"title":"$:/plugins/kookma/refnotes/templates/reflist/article","created":"20210406035737424","list":"article","modified":"20210918154925145","tags":"$:/tags/Refnotes/ReflistTemplate","type":"text/vnd.tiddlywiki","text":"<$wikify name=bibtexEntryTiddler text=<<reference>> >\n<$set name=currentTiddler tiddler=<<bibtexEntryTiddler>> field=title emptyValue=\"RefNotFound\">\n<$reveal type=\"nomatch\" default=\"RefNotFound\" text=<<currentTiddler>> >\n<li><<show-authors-in-references>>. (<$view field=\"bibtex-year\"/>). <$text  text={{{ [{!!bibtex-title}lowercase[]sentencecase[]] }}} />. <span style=\"font-style:italic\"><$view field=\"bibtex-journal\"/></span>. <$view field=\"bibtex-volume\"/>. <$view field=\"bibtex-pages\"/>. <a href={{{[<currentTiddler>get[bibtex-doi]]}}}><$view field=\"bibtex-doi\"/></a></li>\n</$reveal>\n<$reveal type=\"match\" default=\"RefNotFound\" text=<<currentTiddler>> >\n<li>Reference <b><$text text=<<reference>>/></b> NOT FOUND. Check your input.</li>\n</$reveal>\n</$set></$wikify>\n\n<!-- APA 7 \nAuthor. (Year). Title [Translated Title] [Type of Article] [Reviewed Item]|. Journal|, Volume|(Issue)|, Pages|, Article Article Number|.| `https://doi.org/`DOI (Reprint Edition) (Original Publication) (Errata)\n-->"},"$:/plugins/kookma/refnotes/templates/reflist/book":{"title":"$:/plugins/kookma/refnotes/templates/reflist/book","created":"20210406035831544","list":"book incollection","modified":"20210918173607385","tags":"$:/tags/Refnotes/ReflistTemplate","type":"text/vnd.tiddlywiki","text":"\\define disp-bibtex-edition()\n<$list filter=\"[<currentTiddler>has[bibtex-edition]]\" variable=null>(<$view field=\"bibtex-edition\"/>).</$list>\n\\end\n\n\n<$wikify name=bibtexEntryTiddler text=<<reference>> >\n<$set name=currentTiddler tiddler=<<bibtexEntryTiddler>> field=title emptyValue=\"RefNotFound\">\n<$reveal type=\"nomatch\" default=\"RefNotFound\" text=<<currentTiddler>> >\n<li><<show-authors-in-references>>. (<$view field=\"bibtex-year\"/>). <span style=\"font-style:italic;\"><$text  text={{{ [{!!bibtex-title}lowercase[]sentencecase[]] }}} /></span>. <<disp-bibtex-edition>> <$view field=\"bibtex-publisher\"/>.</li>\n</$reveal>\n<$reveal type=\"match\" default=\"RefNotFound\" text=<<currentTiddler>> >\n<li>Reference <b><$text text=<<reference>>/></b> NOT FOUND. Check your input.</li>\n</$reveal>\n</$set></$wikify>\n\n<!--\nAuthor. (Year). Title [Translated Title] (|Translator, Trans.;| Editor, Ed.^Eds.| Edition ed.,| Vol. Volume|)| [Type of Work]|. Publisher|. `https://doi.org/`DOI (Original Publication)\n-->"},"$:/plugins/kookma/refnotes/templates/reflist/default":{"title":"$:/plugins/kookma/refnotes/templates/reflist/default","created":"20210406035344521","modified":"20210918173547862","tags":"$:/tags/Refnotes/ReflistTemplate","type":"text/vnd.tiddlywiki","text":"<$wikify name=bibtexEntryTiddler text=<<reference>> >\n<$set name=currentTiddler tiddler=<<bibtexEntryTiddler>> field=\"title\" emptyValue=\"RefNotFound\">\n<$reveal type=\"nomatch\" default=\"RefNotFound\" text=<<currentTiddler>> >\n<li><<show-authors-in-references>>. (<$view field=\"bibtex-year\"/>). <$text  text={{{ [{!!bibtex-title}lowercase[]sentencecase[]] }}} />.</li>\n</$reveal>\n<$reveal type=\"match\" default=\"RefNotFound\" text=<<currentTiddler>> >\n<li>Reference <b><$text text=<<reference>>/></b> NOT FOUND. Check your input.</li>\n</$reveal>\n</$set></$wikify>"},"$:/plugins/kookma/refnotes/templates/reflist/inproceedings":{"title":"$:/plugins/kookma/refnotes/templates/reflist/inproceedings","created":"20210411092205967","list":"inproceedings","modified":"20210918173627363","tags":"$:/tags/Refnotes/ReflistTemplate","type":"text/vnd.tiddlywiki","text":"<$wikify name=bibtexEntryTiddler text=<<reference>> >\n<$set name=currentTiddler tiddler=<<bibtexEntryTiddler>> field=title emptyValue=\"RefNotFound\">\n<$reveal type=\"nomatch\" default=\"RefNotFound\" text=<<currentTiddler>> >\n<li><<show-authors-in-references>>. (<$view field=\"bibtex-year\"/>). <$text  text={{{ [{!!bibtex-title}lowercase[]sentencecase[]] }}} />. In <span style=\"font-style:italic\"><$view field=\"bibtex-booktitle\"/></span>. pp. <$view field=\"bibtex-pages\"/>. <a href={{{[<currentTiddler>get[bibtex-doi]]}}}><$view field=\"bibtex-doi\"/></a></li>\n</$reveal>\n<$reveal type=\"match\" default=\"RefNotFound\" text=<<currentTiddler>> >\n<li>Reference <b><$text text=<<reference>>/></b> NOT FOUND. Check your input.</li>\n</$reveal>\n</$set></$wikify>\n\n<!-- APA 7\nAuthor, A. A. (Date). Title of paper. In A. Editor & B. Editor (Eds.), Title of proceedings (page numbers). Publisher. DOI OR URL if relevant.\n-->"},"$:/plugins/kookma/refnotes/templates/reflist/numbered/article":{"title":"$:/plugins/kookma/refnotes/templates/reflist/numbered/article","created":"20210407034252960","list":"article","modified":"20210917161906073","tags":"","type":"text/vnd.tiddlywiki","text":"<$wikify name=bibtexEntryTiddler text=<<reference>> >\n<$set name=currentTiddler tiddler=<<bibtexEntryTiddler>> field=title emptyValue=\"RefNotFound\">\n<$reveal type=\"nomatch\" default=\"RefNotFound\" text=<<currentTiddler>> >\n<li><$view field=\"bibtex-author\"/>, <i><span style=\"text-transform: capitalize;\"><$view field=\"bibtex-title\"/></span></i>, <$view field=\"bibtex-journal\"/>, <$view field=\"bibtex-year\"/>.</li>\n</$reveal>\n<$reveal type=\"match\" default=\"RefNotFound\" text=<<currentTiddler>> >\n<li>Reference <b>$p$</b> NOT FOUND. Check your input.</li>\n</$reveal>\n</$set></$wikify>"},"$:/plugins/kookma/refnotes/templates/reflist/numbered/book":{"title":"$:/plugins/kookma/refnotes/templates/reflist/numbered/book","created":"20210407034324705","list":"book","modified":"20210918164607908","tags":"","type":"text/vnd.tiddlywiki","text":"<$wikify name=bibtexEntryTiddler text=<<reference>> >\n<$set name=currentTiddler tiddler=<<bibtexEntryTiddler>> field=title emptyValue=\"RefNotFound\">\n<$reveal type=\"nomatch\" default=\"RefNotFound\" text=<<currentTiddler>> >\n<li><<show-authors-in-references>>, <span style=\"text-transform: capitalize;font-style:italic;\"><$view field=\"bibtex-title\"/></span>, <$view field=\"bibtex-edition\"/>, <$view field=\"bibtex-year\"/>, <$view field=\"bibtex-address\"/>, <$view field=\"bibtex-publisher\"/>.</li>\n</$reveal>\n<$reveal type=\"match\" default=\"RefNotFound\" text=<<currentTiddler>> >\n<li>Reference <b>$p$</b> NOT FOUND. Check your input.</li>\n</$reveal>\n</$set></$wikify>"},"$:/plugins/kookma/refnotes/templates/reflist/numbered/default":{"title":"$:/plugins/kookma/refnotes/templates/reflist/numbered/default","created":"20210407034401566","modified":"20210917161906089","tags":"","type":"text/vnd.tiddlywiki","text":"<$wikify name=bibtexEntryTiddler text=<<reference>> >\n<$set name=currentTiddler tiddler=<<bibtexEntryTiddler>> field=\"title\" emptyValue=\"RefNotFound\">\n<$reveal type=\"nomatch\" default=\"RefNotFound\" text=<<currentTiddler>> >\n<li><$view field=\"bibtex-author\"/>, <span style=\"text-transform: capitalize;\"><$view field=\"bibtex-title\"/></span>,<i><$view field=\"bibtex-journal\"/></i>, <$view field=\"bibtex-year\"/>.</li>\n</$reveal>\n<$reveal type=\"match\" default=\"RefNotFound\" text=<<currentTiddler>> >\n<li>Reference <b>$p$</b> NOT FOUND. Check your input.</li>\n</$reveal>\n</$set></$wikify>"},"$:/plugins/kookma/refnotes/templates/reflist/numbered/website":{"title":"$:/plugins/kookma/refnotes/templates/reflist/numbered/website","created":"20210407034338287","list":"website","modified":"20210917161906093","tags":"","type":"text/vnd.tiddlywiki","text":"<$wikify name=bibtexEntryTiddler text=<<reference>> >\n<$set name=\"curtid\" tiddler=<<bibtexEntryTiddler>> field=\"title\" emptyValue=\"RefNotFound\">\n<$reveal type=\"nomatch\" default=\"RefNotFound\" text=<<curtid>> >\n<li><span style=\"text-transform: capitalize;\"><$view field=\"bibtex-title\" tiddler=<<curtid>>/></span>, <a href={{{[<curtid>get[bibtex-url]]}}} target=\"_blank\"><$text text={{{ [<curtid>get[bibtex-url]] }}}/></a>, <$view field=\"bibtex-year\" tiddler=<<curtid>>/>.</li>\n</$reveal>\n<$reveal type=\"match\" default=\"RefNotFound\" text=<<curtid>> >\n<li>Reference <b>$p$</b> NOT FOUND. Check your input.</li>\n</$reveal>\n</$set></$wikify>"},"$:/plugins/kookma/refnotes/templates/reflist/website":{"title":"$:/plugins/kookma/refnotes/templates/reflist/website","created":"20210406040657728","list":"website","modified":"20210917161906098","tags":"$:/tags/Refnotes/ReflistTemplate","type":"text/vnd.tiddlywiki","text":"<$wikify name=bibtexEntryTiddler text=<<reference>> >\n<$set name=currentTiddler tiddler=<<bibtexEntryTiddler>> field=\"title\" emptyValue=\"RefNotFound\">\n<$reveal type=\"nomatch\" default=\"RefNotFound\" text=<<currentTiddler>> >\n<li><$text  text={{{ [{!!bibtex-title}lowercase[]sentencecase[]] }}} />. (<$view field=\"bibtex-year\"/>). <a href={{!!bibtex-url}} target=\"_blank\"><$text text={{!!bibtex-url}} /></a>.</li>\n</$reveal>\n<$reveal type=\"match\" default=\"RefNotFound\" text=<<currentTiddler>> >\n<li>Reference <b><$text text=<<reference>>/></b> NOT FOUND. Check your input.</li>\n</$reveal>\n</$set></$wikify>"},"$:/plugins/kookma/refnotes/ui/bibtexlibrary":{"title":"$:/plugins/kookma/refnotes/ui/bibtexlibrary","caption":"Bibliography","created":"20181220153648454","description":"This code adds the `bibtex-entry` tag to all tiddlers imported by `BibTeX Importer` plugin thus having a `bibtex-title` field.","modified":"20210917161906108","tags":"$:/tags/SideBar","type":"text/vnd.tiddlywiki","text":"\\define dispEntry()\n<$link/>\n<$macrocall $name=stretchText text=\"\"\"\n<$view field=\"bibtex-author\"/>. (<$view field=\"bibtex-year\"/>). <$view field=\"bibtex-title\"/>.\"\"\" />\n\\end\n\n\n\\define searchFilter() [has[bibtex-title]search:$(sField)$[$(sTerm)$]]\n\n\\define bibLibrary()\n<$vars sField={{{[<searchTid>get[field]] ~[[bibtex-author]]}}} sTerm={{{[<searchTid>get[text]]}}}>\n\n<!-- show hide entry details -->\n<div class=\"tc-search refnotes-library\" style=\"margin:10px 0 0 20px;\">\nShow and Hide Details: &nbsp;\n<$button class=\"tc-btn-invisible\">{{$:/core/images/down-arrow}}\n<$list filter=\"[subfilter<searchFilter>]\">\n<$action-setfield $tiddler=<<tTemp>> text=show />\n</$list>\n</$button>\n<$button class=\"tc-btn-invisible\">{{$:/core/images/up-arrow}}\n<$list filter=\"[subfilter<searchFilter>]\">\n<$action-deletetiddler $tiddler=<<tTemp>> />\n</$list>\n</$button>\n</div>\n\n<!-- show the library data -->\n<ol>\n<$list filter=\"[subfilter<searchFilter>]\">\n<li><<dispEntry>></li>\n</$list>\n</ol>\n</$vars>\n\\end\n\n<!-- interface -->\n<div style=\"margin-bottom:8px;\">\n<<process-entries \"Process New Entries\">>\n{{$:/plugins/kookma/refnotes/ui/dropzone}}\n</div>\n\n<!-- make this optional\n[[Bibliography Table]]\n-->\n\n<<searchUi>>\n\n<<bibLibrary>>\n\n\n\n"},"$:/plugins/kookma/refnotes/ui/dropzone":{"title":"$:/plugins/kookma/refnotes/ui/dropzone","caption":"Dropzone","created":"20210813153727310","modified":"20210917161906113","tags":"","type":"text/vnd.tiddlywiki","text":"<$dropzone \n  deserializer=\"application/x-bibtex\"\n  filesOnly=no \n\timportTitle=\"Import Bibtex\">\n<div class=\"bibtex-dropzone\" tabindex=1>\nPaste your Bibtex Entry here\n</div>\n</$dropzone>"},"$:/plugins/kookma/refnotes/viewtemplates/article":{"title":"$:/plugins/kookma/refnotes/viewtemplates/article","created":"20210403164845276","list":"article","modified":"20210917161906128","tags":"$:/tags/Refnotes/Template","type":"text/vnd.tiddlywiki","text":"\\define mainFields() bibtex-title bibtex-author bibtex-journal bibtex-year bibtex-pages bibtex-number bibtex-volume bibtex-doi bibtex-entry-type\n\n<!-- display fields -->\n<$transclude tiddler=\"$:/plugins/kookma/refnotes/viewtemplates/helper\"/>"},"$:/plugins/kookma/refnotes/viewtemplates/book":{"title":"$:/plugins/kookma/refnotes/viewtemplates/book","created":"20210403164856132","list":"book","modified":"20210917161906138","tags":"$:/tags/Refnotes/Template","type":"text/vnd.tiddlywiki","text":"\\define mainFields() bibtex-title bibtex-author bibtex-year bibtex-publisher bibtex-entry-type\n\n<$transclude tiddler=\"$:/plugins/kookma/refnotes/viewtemplates/helper\"/>"},"$:/plugins/kookma/refnotes/viewtemplates/default":{"title":"$:/plugins/kookma/refnotes/viewtemplates/default","created":"20210403165027581","modified":"20210917161906146","tags":"$:/tags/Refnotes/Template","type":"text/vnd.tiddlywiki","text":"\\define mainFields() bibtex-title bibtex-author bibtex-year bibtex-doi bibtex-entry-type\n\n<!-- display fields -->\n<$transclude tiddler=\"$:/plugins/kookma/refnotes/viewtemplates/helper\"/>"},"$:/plugins/kookma/refnotes/viewtemplates/helper":{"title":"$:/plugins/kookma/refnotes/viewtemplates/helper","created":"20210405112132790","modified":"20210917161906155","tags":"$:/tags/Refnotes/Template","type":"text/vnd.tiddlywiki","text":"\\define display-bibtex-field()\n<div class=\"refnotes-bibtex-field\">\n<span><$text text={{{ [<currentField>removeprefix[bibtex-]titlecase[]] }}} /></span>\n<span><$transclude tiddler=<<currentTiddler>> field=<<currentField>> mode=inline /></span>\n</div>\n\\end\n\n<!-- display main bibtex fields -->\n<$list filter=\"[enlist<mainFields>]\" variable=currentField>\n<<display-bibtex-field>>\n</$list>\n\n<!-- display other bibtex fields -->\n<details class=\"refnotes-details\">\n  <summary>More details</summary>\n<$list filter=\"[<currentTiddler>fields[]prefix[bibtex]sort[]] -[enlist<mainFields>]\" variable=currentField>\n<<display-bibtex-field>>\n</$list>\n</details>"},"$:/plugins/kookma/refnotes/viewtemplates/incollection":{"title":"$:/plugins/kookma/refnotes/viewtemplates/incollection","created":"20210411044534237","list":"incollection","modified":"20210917161906165","tags":"$:/tags/Refnotes/Template","type":"text/vnd.tiddlywiki","text":"\\define mainFields() bibtex-title bibtex-author bibtex-year bibtex-booktitle bibtex-editor bibtex-publisher bibtex-entry-type\n\n<$transclude tiddler=\"$:/plugins/kookma/refnotes/viewtemplates/helper\"/>"},"$:/plugins/kookma/refnotes/viewtemplates/inproceedings":{"title":"$:/plugins/kookma/refnotes/viewtemplates/inproceedings","created":"20210411094926217","list":"inproceedings","modified":"20210917161906174","tags":"$:/tags/Refnotes/Template","type":"text/vnd.tiddlywiki","text":"\\define mainFields() bibtex-title bibtex-author bibtex-year bibtex-booktitle bibtex-editor bibtex-doi bibtex-entry-type\n\n<$transclude tiddler=\"$:/plugins/kookma/refnotes/viewtemplates/helper\"/>"},"$:/plugins/kookma/refnotes/viewtemplates/main":{"title":"$:/plugins/kookma/refnotes/viewtemplates/main","created":"20181220142502642","modified":"20210917161906181","tags":"$:/tags/ViewTemplate","type":"text/vnd.tiddlywiki","text":"<$list filter=\"[all[current]has[bibtex-title]]\">\n<$vars currentType={{{[<currentTiddler>get[bibtex-entry-type]lowercase[]] ~[[miscellaneous]]}}} >\n<$set name=\"bodyLookup\" \n      filter=\"[all[tiddlers+shadows]tag[$:/tags/Refnotes/Template]contains:list<currentType>] +[limit[1]get[title]]\"\n\t\t\tvalue=<<bodyLookup>> \n      emptyValue=\"$:/plugins/kookma/refnotes/viewtemplates/default\">\n<$transclude tiddler=<<bodyLookup>> field=\"text\" mode=\"inline\"/>\n</$set>\n</$vars>\n</$list>"},"$:/plugins/kookma/refnotes/viewtemplates/thesis":{"title":"$:/plugins/kookma/refnotes/viewtemplates/thesis","created":"20210410200742891","list":"phdthesis mastersthesis thesis","modified":"20210917161906189","tags":"$:/tags/Refnotes/Template","type":"text/vnd.tiddlywiki","text":"\\define mainFields() bibtex-title bibtex-author bibtex-year bibtex-school bibtex-entry-type\n\n<$transclude tiddler=\"$:/plugins/kookma/refnotes/viewtemplates/helper\"/>"},"$:/plugins/kookma/refnotes/viewtemplates/unpublished":{"title":"$:/plugins/kookma/refnotes/viewtemplates/unpublished","created":"20210411041928587","list":"unpublished","modified":"20210917161906197","tags":"$:/tags/Refnotes/Template","type":"text/vnd.tiddlywiki","text":"\\define mainFields() bibtex-title bibtex-author bibtex-year bibtex-note bibtex-entry-type\n\n<$transclude tiddler=\"$:/plugins/kookma/refnotes/viewtemplates/helper\"/>"},"$:/plugins/kookma/refnotes/viewtemplates/website":{"title":"$:/plugins/kookma/refnotes/viewtemplates/website","created":"20210403164529700","list":"website","modified":"20210917161906202","tags":"$:/tags/Refnotes/Template","type":"text/vnd.tiddlywiki","text":"\\define mainFields() bibtex-title bibtex-url bibtex-year  bibtex-entry-type\n\n<!-- display fields -->\n<$transclude tiddler=\"$:/plugins/kookma/refnotes/viewtemplates/helper\"/>"}}}