{"tiddlers":{"$:/plugins/linonetwo/opened-tiddlers-bar/AboveStory":{"title":"$:/plugins/linonetwo/opened-tiddlers-bar/AboveStory","creator":"[[Jeffrey Wikinson]]","modifier":"LinOnetwo","tags":"$:/tags/AboveStory","type":"text/vnd.tiddlywiki","text":"<<opened-tiddlers-bar>>"},"$:/plugins/linonetwo/opened-tiddlers-bar/LICENSE":{"title":"$:/plugins/linonetwo/opened-tiddlers-bar/LICENSE","creator":"LinOnetwo","type":"text/vnd.tiddlywiki","text":"The MIT License (MIT)\n\nCopyright (c) 2015 Jeffrey Wikinson aka Buggyj\n\nPermission is hereby granted, free of charge, to any person obtaining a copy of this software and associated documentation files (the \"Software\"), to deal in the Software without restriction, including without limitation the rights to use, copy, modify, merge, publish, distribute, sublicense, and/or sell copies of the Software, and to permit persons to whom the Software is furnished to do so, subject to the following conditions:\n\nThe above copyright notice and this permission notice shall be included in all copies or substantial portions of the Software.\n\nTHE SOFTWARE IS PROVIDED \"AS IS\", WITHOUT WARRANTY OF ANY KIND, EXPRESS OR IMPLIED, INCLUDING BUT NOT LIMITED TO THE WARRANTIES OF MERCHANTABILITY, FITNESS FOR A PARTICULAR PURPOSE AND NONINFRINGEMENT. IN NO EVENT SHALL THE AUTHORS OR COPYRIGHT HOLDERS BE LIABLE FOR ANY CLAIM, DAMAGES OR OTHER LIABILITY, WHETHER IN AN ACTION OF CONTRACT, TORT OR OTHERWISE, ARISING FROM, OUT OF OR IN CONNECTION WITH THE SOFTWARE OR THE USE OR OTHER DEALINGS IN THE SOFTWARE. "},"$:/plugins/linonetwo/opened-tiddlers-bar/Readme":{"title":"$:/plugins/linonetwo/opened-tiddlers-bar/Readme","creator":"LinOnetwo","type":"text/vnd.tiddlywiki","text":"!! Features\n\nThis plugin provides VSCode style \"Opened Tiddlers\" top bar\n\n!! Credits\n\nThis plugin is based on $:/plugins/bj/storytabs , which is in MIT license, thank you, Buggyj!\n"},"$:/plugins/linonetwo/opened-tiddlers-bar/style.css":{"title":"$:/plugins/linonetwo/opened-tiddlers-bar/style.css","creator":"LinOnetwo","tags":"$:/tags/Stylesheet","type":"text/vnd.tiddlywiki","text":"/** 顶部tab栏 */\nsection.story-backdrop {\n  position: fixed;\n  top: 0;\n  z-index: 1000;\n  width: 100vw;\n  overflow-x: auto;\n  left: 0;\n  white-space: nowrap;\n  overflow: -moz-scrollbars-none;\n  scrollbar-width: none;\n}\nsection.story-backdrop::-webkit-scrollbar {\n  display: none;\n}\n/** tiddlers bar */\nsection.story-backdrop > p, section.story-backdrop > p > div.tc-tab-buttons {\n  width: 100%;\n  margin: 0;\n  display: flex;\n  background-color: white;\n  backdrop-filter: blur(3px);\n  background: <<colour button-background>>;\n  /** make it possible to drag the app using this bar in TiddlyGit */\n  -webkit-app-region: drag;\n}\n\n\nsection.story-backdrop button {\n  border: none;\n  border-radius: 0;\n  margin: 0;\n  padding: 5px 10px;\n  padding-right: 2px;\n}\n/** x button */\nsection.story-backdrop button:not(.tc-tab) {\n  border: none;\n  border-radius: 0;\n  margin: 0;\n  padding: 0 5px;\n  opacity: 0;\n  background-color: transparent;\n}\nsection.story-backdrop button:not(.tc-tab):hover {\n  opacity: 1;\n}\nsection.story-backdrop button.tc-tab:not(.tc-tab-selected):hover {\n  border-bottom: 2px solid gray;\n}\nsection.story-backdrop button.tc-tab:nth-child(2) {\n  margin-left: -1em;\n}\n.tc-tab-buttons {\n  padding: 0;\n  margin: 0;\n}\n\ndiv.tc-page-container {\n  margin-top: 30px;\n}\n\ndiv.tc-tiddler-title {\n  top: 24px;\n}\ndiv.tc-editor-toolbar {\n  top: calc(35px + 24px);\n}\n/** 收起侧边栏的按钮 */\n.tc-topbar-right {\n  top: 18px;\n}\n"},"$:/plugins/linonetwo/opened-tiddlers-bar/ui":{"title":"$:/plugins/linonetwo/opened-tiddlers-bar/ui","creator":"[[Jeffrey Wikinson]]","modifier":"LinOnetwo","tags":"$:/tags/Macro","type":"text/vnd.tiddlywiki","text":"\\define opened-tiddlers-bar()\n\\whitespace trim\n<div class=\"tc-tab-buttons\" >\n  <$list filter=\"[list[$:/StoryList]]\" history=\"$:/HistoryList\" variable=\"currentTab\">\n    <$reveal type=\"match\" state=\"$:/HistoryList!!current-tiddler\" text=<<currentTab>>>\n      <div style=\"display:inline\">\n        <$button to=<<currentTab>> class=\"tc-tab-selected tc-tab\">\n          <$view tiddler=<<currentTab>> field=\"name\">\n          <$view tiddler=<<currentTab>> field=\"title\" /></$view>\n          <$button message=\"tm-close-tiddler\" param=<<currentTab>> class=\"tc-tab-selected\">\n            &times;\n          </$button>\n        </$button>\n      </div>\n    </$reveal>\n    <$reveal type=\"nomatch\" state=\"$:/HistoryList!!current-tiddler\" text=<<currentTab>>>\n      <div>\n        <$button to=<<currentTab>> class=\"tc-tab\" >\n          <$view tiddler=<<currentTab>> field=\"name\">\n            <$view tiddler=<<currentTab>> field=\"title\" />\n          </$view>\n          <$button message=\"tm-close-tiddler\" param=<<currentTab>>>\n            &times;\n          </$button>\n        </$button>\n      </div>\n    </$reveal>\n  </$list>\n</div>\n\\end\n"}}}