{"tiddlers":{"$:/core/templates/canonical-uri-external-image":{"title":"$:/core/templates/canonical-uri-external-image","created":"20200412025117549","creator":"LinOnetwo","type":"text/vnd.tiddlywiki","text":"<!--\n\nThis template is used to assign the ''_canonical_uri'' field to external images.\n\nChange the `./images/` part to a different base URI. The URI can be relative or absolute.\n\n-->\nhttps://raw.githubusercontent.com/{{$:/GitHub/Repo}}/master/{{$:/config/linonetwo/github-external-image/tiddler-folder-name}}/<$view field=\"title\" format=\"urlencoded\"/>"},"$:/config/linonetwo/github-external-image/tiddler-folder-name":{"title":"$:/config/linonetwo/github-external-image/tiddler-folder-name","text":"tiddlers"},"$:/plugins/linonetwo/github-external-image/canonical-uri-external-image":{"title":"$:/plugins/linonetwo/github-external-image/canonical-uri-external-image","creator":"LinOnetwo","type":"text/vnd.tiddlywiki","text":"!! Usage\n\nPlease fill in [[$:/GitHub/Repo]] and [[$:/config/linonetwo/github-external-image/tiddler-folder-name]] to get started.\n\nThen, on build, all images will be replaced by place holders.\n\nPlease use following build target:\n\n```json\n\"externalimages\": [\n  \"--setfield\",\n  \"[is[binary]] [type[application/msword]]\",\n  \"_canonical_uri\",\n  \"$:/core/templates/canonical-uri-external-image\",\n  \"text/plain\",\n  \"--setfield\",\n  \"[is[binary]] [type[application/msword]]\",\n  \"text\",\n  \"$:/core/templates/canonical-uri-external-image\",\n  \"text/plain\",\n  \"--rendertiddler\",\n  \"$:/core/save/all\",\n  \"index.html\",\n  \"text/plain\"\n],\n```\n"}}}